Timestamp,Sensor_1,Sensor_2,Sensor_3,Fault
2025-01-01 00:00:00,52.483570765056164,34.198066309758005,65.27375207517933,0
2025-01-01 00:00:05,49.308678494144075,32.77390104873831,68.98836930499138,0
2025-01-01 00:00:10,53.23844269050346,30.17889110976052,64.45306055300027,0
2025-01-01 00:00:15,57.61514928204013,28.059189666883277,67.84426929252672,0
2025-01-01 00:00:20,48.82923312638332,32.09466994084077,56.7446973313235,0
2025-01-01 00:00:25,48.8293152152541,31.180456156265247,71.49305595161057,0
2025-01-01 00:00:30,57.896064077536955,32.6855796600832,70.00843832753557,0
2025-01-01 00:00:35,53.837173645764544,31.905515405045907,64.28037958252267,0
2025-01-01 00:00:40,47.65262807032524,33.148658145958,74.61471967902683,0
2025-01-01 00:00:45,52.712800217929825,28.394294365318295,76.56299096338591,0
2025-01-01 00:00:50,47.68291153593769,33.952182196902974,58.74708094941718,0
2025-01-01 00:00:55,47.671351232148716,30.5927988140772,64.6609265500365,0
2025-01-01 00:01:00,51.20981135783017,36.225782617875794,64.61600355148892,0
2025-01-01 00:01:05,40.43359877671101,27.932436545731296,63.420678292237945,0
2025-01-01 00:01:10,41.375410837434835,35.207891409495744,75.80632389352223,0
2025-01-01 00:01:15,47.188562353795135,30.593732350387942,68.64321702859037,0
2025-01-01 00:01:20,44.93584439832788,28.045745989156654,68.14839611082573,0
2025-01-01 00:01:25,51.57123666297637,28.548342497837034,55.97296344915273,0
2025-01-01 00:01:30,45.45987962239394,29.03895807541704,74.44792621146459,0
2025-01-01 00:01:35,42.93848149332354,31.272497839205748,61.32519123602569,0
2025-01-01 00:01:40,57.32824384460777,31.5685064641065,70.41952841186429,0
2025-01-01 00:01:45,48.87111849756732,28.278899988184264,71.94163856570734,0
2025-01-01 00:01:50,50.337641023439616,29.92693622321705,79.52461017087056,0
2025-01-01 00:01:55,42.87625906893272,36.42681107583559,60.83825720616622,0
2025-01-01 00:02:00,47.27808637737409,35.182629510302135,48.863414909254224,0
2025-01-01 00:02:05,50.554612948549334,31.308971009022095,71.28694681327586,0
2025-01-01 00:02:10,44.24503211288849,30.1140104345046,82.60357827057598,0
2025-01-01 00:02:15,51.87849009172836,30.360093980154783,78.67262447057607,0
2025-01-01 00:02:20,46.99680655040598,31.84055391819125,71.46761590692238,0
2025-01-01 00:02:25,48.54153125103362,26.931622304404783,66.55854670057568,0
2025-01-01 00:02:30,46.991466938853016,29.227870387729965,75.64985817646118,0
2025-01-01 00:02:35,59.26139092254469,24.99424777836723,63.18517660206872,0
2025-01-01 00:02:40,49.93251387631033,31.197669367815838,73.33450438549353,0
2025-01-01 00:02:45,44.7114453552205,31.94158781910822,73.53829111416638,0
2025-01-01 00:02:50,54.11272456051594,28.550440613101877,77.42146935249215,0
2025-01-01 00:02:55,43.89578175014489,34.7219602898701,89.31762027237754,0
2025-01-01 00:03:00,51.04431797502378,26.322703010992974,72.74691177025137,0
2025-01-01 00:03:05,40.201649380601125,25.60687535937054,66.43725462004751,0
2025-01-01 00:03:10,43.359069755507846,30.673355455679918,69.82097981465604,0
2025-01-01 00:03:15,50.984306179345616,33.14129490783646,57.61646866577617,0
2025-01-01 00:03:20,53.69233289997705,35.0517830743736,65.1370080823766,0
2025-01-01 00:03:25,50.85684140594985,28.62334721139318,67.13502293320828,0
2025-01-01 00:03:30,49.4217585880588,33.236042500293884,66.33138121445785,0
2025-01-01 00:03:35,48.494481522053555,29.884474591497877,71.06648410423605,0
2025-01-01 00:03:40,42.60739004816286,29.48211810017754,64.24306047332459,0
2025-01-01 00:03:45,46.40077895802646,32.650979812460015,77.8472146712713,0
2025-01-01 00:03:50,47.696806145201066,31.95696863524026,70.00144945442737,0
2025-01-01 00:03:55,55.285611131094576,25.270823529047252,69.9348977520297,0
2025-01-01 00:04:00,51.718091447842305,34.42962104917768,67.70473698440958,0
2025-01-01 00:04:05,41.18479922318633,34.14027406244236,71.08633478701286,0
2025-01-01 00:04:10,51.620419846973974,28.12331189547141,75.77568785267344,0
2025-01-01 00:04:15,48.07458859791842,31.187410600312226,63.9300884900237,0
2025-01-01 00:04:20,46.61538999847021,31.482090558848217,65.3931845764732,0
2025-01-01 00:04:25,53.058381444204336,30.782021297471722,67.87391779856335,0
2025-01-01 00:04:30,55.154997612479754,28.34908453846374,60.578903535687495,0
2025-01-01 00:04:35,54.65640059558099,27.985129896185846,64.26519498194952,0
2025-01-01 00:04:40,45.80391238388681,10.03775804335061,66.66645388518738,1
2025-01-01 00:04:45,48.45393812074393,33.51818705777809,76.1207242649891,0
2025-01-01 00:04:50,51.65631715701782,31.630800463783295,71.83792930301348,0
2025-01-01 00:04:55,54.877725635611796,28.888157003741682,71.35512937957282,0
2025-01-01 00:05:00,47.60412881077355,32.31509613194503,75.95628573517581,0
2025-01-01 00:05:05,49.07170511668092,21.454372138109775,69.03839748120423,0
2025-01-01 00:05:10,44.468325129969855,33.44629710111631,72.73325394950223,0
2025-01-01 00:05:15,44.01896687959665,24.7808586636657,69.27744772947253,0
2025-01-01 00:05:20,54.06262911197099,28.912677175790602,71.8575364457974,0
2025-01-01 00:05:25,56.78120014285412,26.640990316121567,65.92068939671893,0
2025-01-01 00:05:30,49.63994939209833,26.115955572837283,52.92827989206499,0
2025-01-01 00:05:35,55.01766448946012,33.48248036213556,69.06004586469587,0
2025-01-01 00:05:40,51.808180125238174,28.596896396064327,79.95923695269958,0
2025-01-01 00:05:45,46.774401226974376,31.039511645192146,76.48350781569114,0
2025-01-01 00:05:50,51.80697802754207,29.85923826336245,76.7577823921382,0
2025-01-01 00:05:55,57.690182832329846,31.431122481669366,78.65291505264352,0
2025-01-01 00:06:00,49.82086980445024,30.230465673180767,70.62060313673007,0
2025-01-01 00:06:05,57.82321827907003,26.15102332743429,71.38120995183917,0
2025-01-01 00:06:10,36.901274479551276,32.98880045834142,65.67643673195956,0
2025-01-01 00:06:15,54.10951252187612,28.51873025051606,67.78749000781065,0
2025-01-01 00:06:20,50.435235341190854,25.330254304020748,74.31039804839799,0
2025-01-01 00:06:25,48.50496324767066,28.715654517102262,78.42719106018171,0
2025-01-01 00:06:30,50.458803882677515,34.50227937190293,69.023876070233,0
2025-01-01 00:06:35,40.06215542699554,32.55066522634048,66.84867514604012,0
2025-01-01 00:06:40,48.90164056081244,28.954043596776422,70.00369571199619,0
2025-01-01 00:06:45,51.78556285755873,28.952226887044713,74.20844724250381,0
2025-01-01 00:06:50,57.38947022370758,29.035094846347853,59.89301628706521,0
2025-01-01 00:06:55,47.40864890863176,36.23024395068252,53.92673332803933,0
2025-01-01 00:07:00,45.95753198553406,31.14580635669466,66.14624205355892,0
2025-01-01 00:07:05,47.491214782077314,31.290124941573207,61.45501301860089,0
2025-01-01 00:07:10,54.57701058851037,33.09085036209552,66.44301861646882,0
2025-01-01 00:07:15,51.64375554829842,30.71636747707954,68.9655377682777,0
2025-01-01 00:07:20,47.351198981164806,29.22287356253789,66.8272611368389,0
2025-01-01 00:07:25,52.56633716556678,29.410950452745066,80.16727274129522,0
2025-01-01 00:07:30,50.4853877467402,9.635787849049311,72.28721335221624,1
2025-01-01 00:07:35,54.84322495266444,29.888333290470474,72.1033205172758,0
2025-01-01 00:07:40,46.48973453061324,32.18288863091094,74.35545000830382,0
2025-01-01 00:07:45,48.36168926701116,30.1558376574219,62.02816817553462,0
2025-01-01 00:07:50,48.03945923433921,32.19792023164674,77.27378251194187,0
2025-01-01 00:07:55,42.68242525933941,29.757850259674253,69.46964999425178,0
2025-01-01 00:08:00,51.48060138532288,30.235905570948272,74.69336432068849,0
2025-01-01 00:08:05,51.30527636089945,24.005397946403676,62.49699936871891,0
2025-01-01 00:08:10,50.025567283212304,32.748983024107446,59.123688637887554,0
2025-01-01 00:08:15,83.79671311873253,31.03946542769398,75.7252276061752,1
2025-01-01 00:08:20,42.923146289747926,32.994030329578955,72.63486668268261,0
2025-01-01 00:08:25,47.89677338617321,21.311233865418934,63.685639119497424,0
2025-01-01 00:08:30,48.286427417366156,36.265124114342186,63.91235843107714,0
2025-01-01 00:08:35,45.9886136538919,29.58123111553448,77.87804349090338,0
2025-01-01 00:08:40,79.51440706979332,33.324548450212546,61.67411674992871,1
2025-01-01 00:08:45,52.02025428407269,26.880282218623407,81.49871067279174,0
2025-01-01 00:08:50,59.43092950605265,31.83832171518771,63.695654857464916,0
2025-01-01 00:08:55,50.872889064159196,26.839753310479033,74.46874347925868,0
2025-01-01 00:09:00,51.28775195361382,28.128693117912583,67.69967066975711,0
2025-01-01 00:09:05,49.62777042116917,35.742094061600355,74.2223120175764,0
2025-01-01 00:09:10,40.40614392350479,29.42795279770996,66.19120198520065,0
2025-01-01 00:09:15,49.867430622753915,30.65229861953917,68.86044965749394,0
2025-01-01 00:09:20,50.30115104970513,32.610203192066265,70.28643422777004,0
2025-01-01 00:09:25,62.316210562426434,31.487045663917815,62.98468780952969,0
2025-01-01 00:09:30,49.03819517609439,30.45125671543073,75.18577041794089,0
2025-01-01 00:09:35,51.50773671166806,31.094883007398675,66.4075050346989,0
2025-01-01 00:09:40,49.82644115147378,37.21024675571483,68.39980059261987,0
2025-01-01 00:09:45,44.15660981190234,29.827143608899245,63.039554377740416,0
2025-01-01 00:09:50,55.7141140725751,30.603297140144903,52.06366438843283,0
2025-01-01 00:09:55,74.5226232407943,33.15196318802283,68.66280566179881,1
2025-01-01 00:10:00,53.95515973521523,33.31657779887395,86.88830795129041,0
2025-01-01 00:10:05,45.4530627260263,33.56109091668114,75.49223001528617,0
2025-01-01 00:10:10,57.013971554680495,31.916190666087555,69.86517734185924,0
2025-01-01 00:10:15,42.990744686038596,26.57098526180855,68.15976419554212,0
2025-01-01 00:10:20,52.93428546900135,34.90029459690329,70.15726124968432,0
2025-01-01 00:10:25,60.952278129049894,6.006532913474718,73.82983380622647,1
2025-01-01 00:10:30,45.04731837434656,30.9079063957171,61.73431029283809,0
2025-01-01 00:10:35,47.16851135198614,27.737172449941927,77.8002518626821,0
2025-01-01 00:10:40,50.498256825438204,29.80758496022102,75.00766920808871,0
2025-01-01 00:10:45,47.482621729419,30.986287230910442,75.02730007995554,0
2025-01-01 00:10:50,42.24668284466934,30.96407164635082,73.06933017166808,0
2025-01-01 00:10:55,50.34281487403014,31.265762262705856,70.13731660385793,0
2025-01-01 00:11:00,44.688481431369475,34.84113380717594,74.71002865176774,0
2025-01-01 00:11:05,52.36796215317591,31.36060290454194,74.14269893618965,0
2025-01-01 00:11:10,45.402878828830985,29.267530094128055,67.52171502341284,0
2025-01-01 00:11:15,57.7496720250877,32.892261504865075,65.98478758972169,0
2025-01-01 00:11:20,46.08373353831882,33.568411466773924,70.7129940668339,0
2025-01-01 00:11:25,48.38969241897162,26.31717655458902,80.84314106046631,0
2025-01-01 00:11:30,54.06758608684835,31.792200209549573,61.32625047042269,0
2025-01-01 00:11:35,43.84567841783022,32.10351822693269,59.72732313973292,0
2025-01-01 00:11:40,51.13729967302065,29.107309489920024,71.15332588865562,0
2025-01-01 00:11:45,56.53571377141214,34.127120439934856,70.35621391299213,0
2025-01-01 00:11:50,41.96258382719386,29.54983323890242,96.79076551977963,1
2025-01-01 00:11:55,50.92316929266152,30.376729360414625,71.7076723853595,0
2025-01-01 00:12:00,51.29941397124212,29.48078452714839,68.43758421755636,0
2025-01-01 00:12:05,53.909114358886555,30.0467371427444,80.42904407021457,0
2025-01-01 00:12:10,43.81524644560959,26.711174739314394,58.79367215066439,0
2025-01-01 00:12:15,43.39771693457862,25.679847352217116,64.20052082653828,0
2025-01-01 00:12:20,52.60970782808449,34.783515189674915,69.27721667895666,0
2025-01-01 00:12:25,51.48492336616593,27.459115955045018,58.49767832192083,0
2025-01-01 00:12:30,51.252464251729386,27.025822951631078,68.7690191689755,0
2025-01-01 00:12:35,51.73224104748488,23.539829659188854,81.63029116009614,0
2025-01-01 00:12:40,46.59987639210755,28.083114756931494,70.14620541807173,0
2025-01-01 00:12:45,51.16126848580502,26.030730619777504,71.61490634003079,0
2025-01-01 00:12:50,51.46536236649341,34.92604548040911,61.17884664379194,0
2025-01-01 00:12:55,46.42824290986816,33.029451268027906,65.68547014372366,0
2025-01-01 00:13:00,59.328872555723784,27.93554896446683,67.37362533773243,0
2025-01-01 00:13:05,52.36916460455894,36.75730741603293,67.77599432270637,0
2025-01-01 00:13:10,44.04348251398676,32.94529646097478,78.97150656502637,0
2025-01-01 00:13:15,53.28276804316915,29.025505849474133,73.90383742507588,0
2025-01-01 00:13:20,45.126591648863396,22.501782855379282,62.21979430144078,0
2025-01-01 00:13:25,53.93542301871226,36.872827717772225,71.72553344902403,0
2025-01-01 00:13:30,55.79297789503702,25.831282599709212,73.4875522394775,0
2025-01-01 00:13:35,45.89658840824145,25.063803759129325,77.98104326964886,0
2025-01-01 00:13:40,54.816880646221605,33.06771129602892,81.06378480597861,0
2025-01-01 00:13:45,52.063904634682494,37.31925721901782,62.89434065720492,0
2025-01-01 00:13:50,54.11030079997245,34.15281845553155,64.32399742152764,0
2025-01-01 00:13:55,59.48396491326974,31.691727360157078,61.196954987597685,0
2025-01-01 00:14:00,48.77305941998565,31.78426302499586,68.36186098625113,0
2025-01-01 00:14:05,46.23131917821255,32.560246676340924,73.26450862112434,0
2025-01-01 00:14:10,45.55242785187238,32.276785769360295,76.9113416161237,0
2025-01-01 00:14:15,45.92094857517281,30.84357427190813,69.46834283450234,0
2025-01-01 00:14:20,49.61449145292948,30.31260331185563,67.76106733721609,0
2025-01-01 00:14:25,51.70575987408322,29.81222061630143,71.06230594574119,0
2025-01-01 00:14:30,51.3834539966501,27.73810623339997,64.15399968858983,0
2025-01-01 00:14:35,54.13591624518012,29.15797476939968,84.62677105186341,0
2025-01-01 00:14:40,50.065009459389536,24.921129557413842,58.74637281017359,0
2025-01-01 00:14:45,57.26767038578659,29.704981119615752,71.29318405227008,0
2025-01-01 00:14:50,48.67671583381022,27.03422667854725,84.16524353460747,0
2025-01-01 00:14:55,63.600845832948096,26.689232048352686,70.04759891191999,0
2025-01-01 00:15:00,53.128336738825034,30.539682453460436,68.66972675498954,0
2025-01-01 00:15:05,45.714212217918586,34.1760068590338,67.49788204032701,0
2025-01-01 00:15:10,44.645537509694435,32.75494981800694,68.73725822766315,0
2025-01-01 00:15:15,52.41236207621593,25.28849818913047,79.60993932273571,0
2025-01-01 00:15:20,48.88268607337075,27.031115590288987,54.51696662069345,0
2025-01-01 00:15:25,53.57000247046046,32.82231356396465,80.73403590907428,0
2025-01-01 00:15:30,52.366188122867726,27.052537819385073,60.032299932848986,0
2025-01-01 00:15:35,49.63585543671564,29.326100550008928,68.1334336953591,0
2025-01-01 00:15:40,45.76603140965798,31.650156297073657,66.99528905790936,0
2025-01-01 00:15:45,42.42576387657068,27.094966635409094,74.11987288839504,0
2025-01-01 00:15:50,47.767425239664895,30.31612651843788,58.81312953681377,0
2025-01-01 00:15:55,54.28199397161736,25.997923515245386,73.2352086625736,0
2025-01-01 00:16:00,51.07046872065102,28.19589706814636,84.17016736300796,0
2025-01-01 00:16:05,43.77130610644006,30.95934580242761,60.45778196785032,0
2025-01-01 00:16:10,50.86590462925591,25.22101879940499,71.32794317327277,0
2025-01-01 00:16:15,51.92658689864418,31.321424213881198,65.36612475542374,0
2025-01-01 00:16:20,45.580712818994336,29.941086603219958,72.98121044335124,0
2025-01-01 00:16:25,50.768625529727636,31.657469863251443,70.13403444191026,0
2025-01-01 00:16:30,50.29104359223,30.671742402193985,65.50959163668983,0
2025-01-01 00:16:35,44.28514851084688,34.09242128992153,73.41510599409752,0
2025-01-01 00:16:40,51.788936801741414,30.375673507943723,82.6304367685072,0
2025-01-01 00:16:45,52.803922631841175,28.71178337662424,68.66367345790891,0
2025-01-01 00:16:50,55.41525621587638,30.36689250909685,75.03830559503727,0
2025-01-01 00:16:55,55.26901026017451,31.629894087109165,60.94708929490186,0
2025-01-01 00:17:00,43.111653160214544,30.146580210977113,63.30494536227394,0
2025-01-01 00:17:05,45.310874800424386,30.121775073611648,73.30684394516264,0
2025-01-01 00:17:10,52.5751763360433,27.894024936579733,80.38881219975175,0
2025-01-01 00:17:15,52.56892975456105,28.011297247347155,72.48929344149963,0
2025-01-01 00:17:20,52.57523843153024,25.79218418460092,67.80859378633792,0
2025-01-01 00:17:25,69.26365745327361,35.24873022956082,69.99503983796347,0
2025-01-01 00:17:30,52.85445255346583,26.268410293826143,61.24714586221198,0
2025-01-01 00:17:35,55.677828200902994,27.92128440661228,74.23160728448757,0
2025-01-01 00:17:40,54.770008817466014,27.844778203292407,76.17633143626387,0
2025-01-01 00:17:45,53.25695625652899,32.68477313083332,66.83536767016844,0
2025-01-01 00:17:50,48.423653776798275,29.115150965123917,66.70970496568349,0
2025-01-01 00:17:55,53.79484610246634,33.7432262180212,71.86114760756433,0
2025-01-01 00:18:00,46.13587392731214,27.979528127268395,66.94296184771584,0
2025-01-01 00:18:05,48.815906966299956,30.836982486671406,69.53707169761924,0
2025-01-01 00:18:10,47.57318226085448,27.493958840220728,84.6980525241656,0
2025-01-01 00:18:15,50.40937069693161,36.43544738332017,68.27082009477802,0
2025-01-01 00:18:20,61.573292833367546,26.43720474291146,67.49161893585145,0
2025-01-01 00:18:25,40.66367403704126,30.92946213068108,65.46720736055389,0
2025-01-01 00:18:30,53.431300951872565,31.901330642796296,75.20934380049955,0
2025-01-01 00:18:35,41.93642064405174,31.241397292354495,68.73143078747327,0
2025-01-01 00:18:40,47.64034067105283,29.444137023366874,65.45438873175002,0
2025-01-01 00:18:45,55.44475298483683,29.61053790079972,79.24912822591108,0
2025-01-01 00:18:50,50.321400095477316,30.131434415937328,79.93722103159546,0
2025-01-01 00:18:55,44.61127611035347,29.558993995114534,65.79703503982907,0
2025-01-01 00:19:00,46.42348145370016,32.89163735038473,56.93422034047569,0
2025-01-01 00:19:05,53.39798874467338,36.63156900477405,77.05259582885846,0
2025-01-01 00:19:10,46.34816684141432,28.3275246449765,65.20759121967997,0
2025-01-01 00:19:15,51.08229294790988,25.890591061262768,75.53437919413938,0
2025-01-01 00:19:20,50.22785919951907,29.735153854946237,56.20927327601715,0
2025-01-01 00:19:25,46.74199826197091,37.73912801296296,76.24818136809516,0
2025-01-01 00:19:30,60.719720446626624,27.588976296090806,61.52179649503453,0
2025-01-01 00:19:35,53.169595111590056,34.917350416332205,75.11534883346567,0
2025-01-01 00:19:40,39.874287066711965,35.03310244222932,70.09991147485503,0
2025-01-01 00:19:45,50.93227157384714,28.339235274876017,63.32242406422348,0
2025-01-01 00:19:50,46.69106767615806,31.706949237555826,67.15074580951254,0
2025-01-01 00:19:55,54.26216667398112,34.88518986938561,74.8042291986969,0
2025-01-01 00:20:00,46.037396307836495,28.862616777037537,70.74126117180664,0
2025-01-01 00:20:05,49.42631779266551,29.389258919692914,74.0908908633074,0
2025-01-01 00:20:10,52.524936394902284,28.254957258154068,83.8350840916084,0
2025-01-01 00:20:15,54.32877597085061,26.9557298079214,59.05030871802264,0
2025-01-01 00:20:20,43.99851796472112,28.052167364801978,81.32048802478036,0
2025-01-01 00:20:25,48.327493820795254,26.32817919971323,70.7304915626625,0
2025-01-01 00:20:30,47.625273444195216,30.102250404777678,63.7085116617381,0
2025-01-01 00:20:35,46.73335383713144,27.690080306824076,60.68780461982707,0
2025-01-01 00:20:40,58.82727120140548,30.701357735372245,68.67615726456077,0
2025-01-01 00:20:45,52.024908554804774,25.33231306138912,76.45155078347122,0
2025-01-01 00:20:50,43.69558022832477,30.99264069664337,69.10715615735727,0
2025-01-01 00:20:55,54.58930973527388,32.500586884826774,80.57808451173143,0
2025-01-01 00:21:00,60.610780985063165,24.018793072285632,59.84177016963909,0
2025-01-01 00:21:05,55.16232630275574,31.122169709542717,69.91537736507762,0
2025-01-01 00:21:10,42.403150170229935,33.68300697741988,61.23324588910817,0
2025-01-01 00:21:15,47.57882963566874,26.371076943926383,72.54542317837478,0
2025-01-01 00:21:20,56.334555745933116,35.01771716051311,76.2082117306811,0
2025-01-01 00:21:25,46.461652671906094,31.257057028098135,67.05466744423262,0
2025-01-01 00:21:30,52.219097140731144,27.88496443272477,51.77050300361006,0
2025-01-01 00:21:35,53.87317026714668,29.83269276702688,71.39263702757546,0
2025-01-01 00:21:40,45.36534764210958,31.674980737565168,73.05716986213457,0
2025-01-01 00:21:45,49.702373219691,30.228016174237233,72.83006328473188,0
2025-01-01 00:21:50,33.79366329965464,31.616267977339106,78.65047534275507,0
2025-01-01 00:21:55,44.87806179332855,27.2379792207619,62.50262424245666,0
2025-01-01 00:22:00,48.7371592430342,30.508082472108235,74.76151273815314,0
2025-01-01 00:22:05,43.76108409017575,25.75885650928506,78.34755258734583,0
2025-01-01 00:22:10,58.16205651965818,29.6663218159539,57.54988691195438,0
2025-01-01 00:22:15,42.84929311019684,27.28827707560563,72.23756278143284,0
2025-01-01 00:22:20,47.79977756651508,27.7934101722307,66.4707411829463,0
2025-01-01 00:22:25,50.65370288643046,33.70827952563131,69.42934128828848,0
2025-01-01 00:22:30,57.20636644533058,33.27393036178281,72.43373538476835,0
2025-01-01 00:22:35,42.8206892441028,31.82741436272153,66.58940005120513,0
2025-01-01 00:22:40,55.815818760774796,26.723061705982264,65.27004344586872,0
2025-01-01 00:22:45,50.05116530509793,29.050774650915596,70.23906692241617,0
2025-01-01 00:22:50,45.09245674476024,33.63929309993755,62.389278427960384,0
2025-01-01 00:22:55,52.31051737131635,30.425150740919715,62.3992240978037,0
2025-01-01 00:23:00,50.99529847786735,36.957988619945084,74.75561298069552,0
2025-01-01 00:23:05,46.99891561420603,31.179953518183115,61.9584417538894,0
2025-01-01 00:23:10,50.349010424950094,30.576147349470094,74.66418750636448,0
2025-01-01 00:23:15,48.073432015691196,29.072650607392497,73.23813904997766,0
2025-01-01 00:23:20,50.56758672625624,30.40062271434685,57.919352898465824,0
2025-01-01 00:23:25,53.31065337260523,29.54259049085837,65.25704743365041,0
2025-01-01 00:23:30,57.93008408072676,32.124326030065774,78.3587658213316,0
2025-01-01 00:23:35,43.810922505865754,32.87010695038375,63.13184128202223,0
2025-01-01 00:23:40,60.665166873281336,27.642031618476153,66.7491701638343,0
2025-01-01 00:23:45,40.23956100238749,26.006301139326666,73.23442625276327,0
2025-01-01 00:23:50,49.24107452482208,24.49138388069011,75.48373356497817,0
2025-01-01 00:23:55,52.94158603242288,31.52397398073763,68.23922779768853,0
2025-01-01 00:24:00,51.40495933867516,26.68990018147838,65.81742863715851,0
2025-01-01 00:24:05,46.88650240089703,23.54132822114255,79.95658903188955,0
2025-01-01 00:24:10,48.95938874821363,31.165735813592892,82.17229764658305,0
2025-01-01 00:24:15,47.53499532670584,37.47899855229837,76.85200635547257,0
2025-01-01 00:24:20,47.053176215278945,29.98178726538032,70.59722699795518,0
2025-01-01 00:24:25,54.24801048510513,32.51547232335493,64.34213994851352,0
2025-01-01 00:24:30,81.77639481344676,30.245488075642694,64.18688915410404,1
2025-01-01 00:24:35,46.53545202369673,29.703331040426573,73.65759873686031,0
2025-01-01 00:24:40,54.49799937716625,32.75722944896331,72.92878754622079,0
2025-01-01 00:24:45,51.536497604383044,29.129176367434045,79.81119015062501,0
2025-01-01 00:24:50,54.0643105941948,30.80217694221571,74.55315064775297,0
2025-01-01 00:24:55,53.14814420961806,30.96509341858804,59.478437887681274,0
2025-01-01 00:25:00,45.85502494538964,27.995728639070855,77.36363332406043,0
2025-01-01 00:25:05,47.19909479901515,32.97612704860957,63.01357560879911,0
2025-01-01 00:25:10,53.73646802561631,29.475120729913773,67.31220109633354,0
2025-01-01 00:25:15,53.05185132716733,27.732764521521467,71.75140144376186,0
2025-01-01 00:25:20,49.89549203017926,31.60952953071121,83.96967242848775,0
2025-01-01 00:25:25,50.58663691654391,27.304596054626888,91.76942989203752,0
2025-01-01 00:25:30,56.388324478942124,30.084543472107384,74.24706141395328,0
2025-01-01 00:25:35,47.04214305582085,29.97264301006739,68.71762366895729,0
2025-01-01 00:25:40,52.73548690585019,33.257686697494734,73.74153953936386,0
2025-01-01 00:25:45,48.98903673783053,31.42409469863986,76.21358798111686,0
2025-01-01 00:25:50,48.911593983863895,29.924919123764568,67.75532662109966,0
2025-01-01 00:25:55,55.49388425993595,32.45329889760086,82.56647949138626,0
2025-01-01 00:26:00,54.12708174494015,34.17062264705194,71.61049531433981,0
2025-01-01 00:26:05,54.06754818000319,31.673430919055587,73.48420162363976,0
2025-01-01 00:26:10,56.52739403577164,30.03105785953014,74.66146976438122,0
2025-01-01 00:26:15,50.105019208163796,26.06449130294952,72.9511062743012,0
2025-01-01 00:26:20,53.40976485647482,26.804659010773882,75.87258350328729,0
2025-01-01 00:26:25,48.44866621703272,16.616830891140353,65.67922769417154,1
2025-01-01 00:26:30,51.62083176244221,28.17146339352215,66.09188772237779,0
2025-01-01 00:26:35,49.34928472816158,29.439086091043663,62.298920369198136,0
2025-01-01 00:26:40,50.48497982496359,30.16994977469132,73.07650861434159,0
2025-01-01 00:26:45,52.975785127184565,31.589078263070192,75.4525555245848,0
2025-01-01 00:26:50,45.908896583832636,29.788503665822727,73.20441006306321,0
2025-01-01 00:26:55,60.4619363784273,31.459504931478605,81.72144703343275,0
2025-01-01 00:27:00,44.96991309250149,30.19342324443036,69.96082786819667,0
2025-01-01 00:27:05,43.92905693606134,24.073600300938388,74.68119158914759,0
2025-01-01 00:27:10,55.79055436750034,27.181993818543738,62.3580938670248,0
2025-01-01 00:27:15,53.95831346981468,29.567737332835154,67.29030208267919,0
2025-01-01 00:27:20,53.12059908526078,26.370915771476678,74.86876430296044,0
2025-01-01 00:27:25,53.1417275463214,31.799786189988613,97.7836635668777,1
2025-01-01 00:27:30,49.93876613576543,34.59225249703109,67.94223136635073,0
2025-01-01 00:27:35,45.51372814257084,33.65628555509195,69.49880523699353,0
2025-01-01 00:27:40,50.379022790968634,29.359671387209374,59.37488377323433,0
2025-01-01 00:27:45,46.61419144243944,34.47217841054986,67.50079559435373,0
2025-01-01 00:27:50,54.87559866708875,30.446002371606333,76.2326821446385,0
2025-01-01 00:27:55,49.26471309248931,28.988742086645882,74.02643511274596,0
2025-01-01 00:28:00,45.87251401603744,28.15979200937718,73.50466004966847,0
2025-01-01 00:28:05,48.393070791735035,29.092590940535615,70.34841581026672,0
2025-01-01 00:28:10,52.064657271378124,28.835469544376313,70.04944211039724,0
2025-01-01 00:28:15,47.18137723598013,30.511248667126463,65.37775202368587,0
2025-01-01 00:28:20,45.888898022167844,30.481721943149594,74.89179894141775,0
2025-01-01 00:28:25,51.21843605745956,30.009138060460245,72.94681061072573,0
2025-01-01 00:28:30,51.22483285554361,31.310814509239048,73.4441319359496,0
2025-01-01 00:28:35,47.46528412314435,33.57193882435902,66.31775610132694,0
2025-01-01 00:28:40,47.644808471908384,32.84866240632397,54.92659956090129,0
2025-01-01 00:28:45,51.160249686788184,25.54530609465029,77.68006898227587,0
2025-01-01 00:28:50,73.3573629155058,22.338236595294134,66.64813780794117,1
2025-01-01 00:28:55,42.962681128117225,32.80295973371782,63.96056965169816,0
2025-01-01 00:29:00,46.40777889373782,25.899363904753738,74.85435238339795,0
2025-01-01 00:29:05,48.932764241440765,29.32570379432195,67.25591152056609,0
2025-01-01 00:29:10,51.554537827990025,26.489660921821923,77.41955468832636,0
2025-01-01 00:29:15,57.37678108474776,24.594058687259942,74.31904164703688,0
2025-01-01 00:29:20,54.2882981160101,31.624388184614364,74.78498526240334,0
2025-01-01 00:29:25,49.20030735018287,32.27746548090794,60.43831002159626,0
2025-01-01 00:29:30,49.904918960486555,28.27046879781984,78.4836078977048,0
2025-01-01 00:29:35,44.987353176810956,22.22687312356527,71.82875371863699,0
2025-01-01 00:29:40,49.90743432003805,28.361266655242552,67.41506002527657,0
2025-01-01 00:29:45,48.55670680539931,31.17541201620764,71.00371927139575,0
2025-01-01 00:29:50,51.613592801690444,25.563265293677613,57.56635336971176,0
2025-01-01 00:29:55,45.86384528223839,30.550079759337468,72.86056968036469,0
2025-01-01 00:30:00,52.59673257120586,29.954070452481012,62.7943994427255,0
2025-01-01 00:30:05,57.66369456501289,31.737874498803265,60.53130799909526,0
2025-01-01 00:30:10,49.45619925771571,30.35874110524246,59.34348569647476,0
2025-01-01 00:30:15,52.00855861049471,27.080793177355332,77.78881862492948,0
2025-01-01 00:30:20,53.45071995855556,33.589714504993474,65.59515624415047,0
2025-01-01 00:30:25,47.99389764057082,29.52441128091909,80.73609396941549,0
2025-01-01 00:30:30,51.12046240905208,29.918086381470204,66.24938975863391,0
2025-01-01 00:30:35,50.06296200390897,27.20019612278041,58.04849429684937,0
2025-01-01 00:30:40,50.488380492744156,28.670153246425468,62.184328920359384,0
2025-01-01 00:30:45,46.134951080722665,27.345591857919295,78.65068134004858,0
2025-01-01 00:30:50,50.12255087129471,29.48116182022973,68.90871275444333,0
2025-01-01 00:30:55,52.48999145622725,35.13512544042703,66.16198892456579,0
2025-01-01 00:31:00,57.25571803897521,25.88429657120593,71.12012758096951,0
2025-01-01 00:31:05,54.79635413042603,25.159315806369776,73.51247915317282,0
2025-01-01 00:31:10,60.76591228755778,34.41351098248083,77.82179171131723,0
2025-01-01 00:31:15,46.16326218555975,29.372028968544402,80.13949460925048,0
2025-01-01 00:31:20,54.36160318360339,27.992781784020252,67.4816194794764,0
2025-01-01 00:31:25,50.91671002869176,33.11971406218823,60.71766619742573,0
2025-01-01 00:31:30,60.94901466608836,28.183153380789406,67.10574387213707,0
2025-01-01 00:31:35,45.95850857322424,35.47802914064081,71.8219635460802,0
2025-01-01 00:31:40,45.80139078909612,32.03377761401781,63.25368751652572,0
2025-01-01 00:31:45,47.003036772779886,28.536265775562892,63.2999435957347,0
2025-01-01 00:31:50,39.380521378450965,36.47192463979651,72.4065151708492,0
2025-01-01 00:31:55,47.37122489159619,28.182855230989986,69.65943353900684,0
2025-01-01 00:32:00,46.20433669223151,32.22628611602792,70.22957896788111,0
2025-01-01 00:32:05,50.75196893238104,30.897877741219475,64.69053265709951,0
2025-01-01 00:32:10,51.7087798788858,33.905223868196394,68.38719500055963,0
2025-01-01 00:32:15,59.38085419607943,34.68453359018056,63.53036799012187,0
2025-01-01 00:32:20,54.75211919093025,30.0960124471973,76.23138887787351,0
2025-01-01 00:32:25,47.115481721687985,27.73974638896145,77.24674534306627,0
2025-01-01 00:32:30,45.50792664325821,31.37991642881735,57.07668496433334,0
2025-01-01 00:32:35,52.45959585753253,27.966853890743682,63.49342397865313,0
2025-01-01 00:32:40,43.39883396489679,36.04016174257987,59.524295214369445,0
2025-01-01 00:32:45,59.157293829271765,30.409605993248213,65.44983245915171,0
2025-01-01 00:32:50,55.897200603606436,28.904035346063672,69.41593421146747,0
2025-01-01 00:32:55,47.65412173947647,30.554040917594726,59.852483462110285,0
2025-01-01 00:33:00,41.434327354545616,25.95862113141091,63.54698130812281,0
2025-01-01 00:33:05,56.76936187082706,27.085157884468046,62.97229839542951,0
2025-01-01 00:33:10,49.42730077373691,33.601241723833276,71.4508713057926,0
2025-01-01 00:33:15,56.18908155986731,28.029317163085814,70.48541035925375,0
2025-01-01 00:33:20,42.02786170602816,26.85926705195418,64.94783712663923,0
2025-01-01 00:33:25,47.00312488523114,31.60995825758186,71.23774610497578,0
2025-01-01 00:33:30,50.026218498590914,33.55711246398899,66.17323940788914,0
2025-01-01 00:33:35,50.23490296882371,32.1568599319952,68.09841422771763,0
2025-01-01 00:33:40,47.749672642603784,32.988143057417446,81.71416463208976,0
2025-01-01 00:33:45,53.114249661737496,27.729614734291616,79.38322736253244,0
2025-01-01 00:33:50,44.66189785308703,25.73456799977447,60.902931341506815,0
2025-01-01 00:33:55,49.288102574893536,34.50400095586646,75.80812692515423,0
2025-01-01 00:34:00,50.601478158559495,29.031960483473593,75.67977588144115,0
2025-01-01 00:34:05,52.57219417029374,29.24750095063486,61.96215697873167,0
2025-01-01 00:34:10,53.558074390444446,33.984582425547174,75.73144350628402,0
2025-01-01 00:34:15,44.376789540810655,31.66869002820198,80.76552342888787,0
2025-01-01 00:34:20,42.329429146321885,31.367663316244823,62.1421863562891,0
2025-01-01 00:34:25,56.38838410949255,36.49500703470325,63.57748025290015,0
2025-01-01 00:34:30,51.66157005989796,28.06944530885957,77.12363026790452,0
2025-01-01 00:34:35,46.25756731721723,32.783520384243715,71.90046717577954,0
2025-01-01 00:34:40,57.75575987761262,30.171039374691254,73.86033392667666,0
2025-01-01 00:34:45,50.57837317146429,30.80577683658977,72.38412451480347,0
2025-01-01 00:34:50,55.89648592031913,34.58540527923759,72.73487144649701,0
2025-01-01 00:34:55,50.33759240705054,31.523507268868872,60.71469510182242,0
2025-01-01 00:35:00,60.303739624409936,31.6148882371489,77.33122394635014,0
2025-01-01 00:35:05,87.6372643044627,33.217522011929404,78.18712994699442,1
2025-01-01 00:35:10,48.75517925760463,28.905141811371344,68.39426479152381,0
2025-01-01 00:35:15,54.85785475477178,27.482370997982983,69.69566135130296,0
2025-01-01 00:35:20,53.226879747925736,26.8655724179369,59.282247482109945,0
2025-01-01 00:35:25,56.843157787661745,24.100930231871995,73.59978329212484,0
2025-01-01 00:35:30,45.17538269709948,36.16862138982097,74.00440209199901,0
2025-01-01 00:35:35,53.4302572999922,26.69037490283495,69.56466288100482,0
2025-01-01 00:35:40,55.292122434247936,29.336239129242685,77.87047351909352,0
2025-01-01 00:35:45,41.20630256788443,29.16956010033324,67.66145938314041,0
2025-01-01 00:35:50,44.083707436671126,30.922220093427303,73.9522414812552,0
2025-01-01 00:35:55,39.803839111199494,32.44721163761789,62.86234962915519,0
2025-01-01 00:36:00,48.65296582777721,32.58142046507923,69.83513494388033,0
2025-01-01 00:36:05,53.58771127897981,28.250767684293184,68.77952019468015,0
2025-01-01 00:36:10,57.51178526048014,29.498634858640767,71.5771554542866,0
2025-01-01 00:36:15,50.37047390209887,30.847739851464897,67.4133114981665,0
2025-01-01 00:36:20,58.14307772785646,29.25392662144936,69.07969183029833,0
2025-01-01 00:36:25,43.099492708925546,34.82203672805998,75.78233020009054,0
2025-01-01 00:36:30,41.48308780322422,31.472924854914755,66.94265033933247,0
2025-01-01 00:36:35,49.722261505516904,32.20463335814945,58.75396029482924,0
2025-01-01 00:36:40,51.92032724469654,31.988643806002237,82.24708732943795,0
2025-01-01 00:36:45,49.836526259529535,33.52042157245597,79.67017855083341,0
2025-01-01 00:36:50,39.66278949980062,30.543064676111122,60.95416113426067,0
2025-01-01 00:36:55,49.55439980243606,26.10950415613246,74.82795463671636,0
2025-01-01 00:37:00,43.47765249747573,31.199063855257926,66.4791766061406,0
2025-01-01 00:37:05,53.348362744150194,28.045929318624513,100.150976648877,1
2025-01-01 00:37:10,51.83299123048424,28.41414995475073,72.05956890309446,0
2025-01-01 00:37:15,45.30060106836322,31.75909205626528,68.35914539778575,0
2025-01-01 00:37:20,47.43066541331653,33.714849214300905,64.51364034089522,0
2025-01-01 00:37:25,44.703932390555245,30.063814730208186,65.16621263378619,0
2025-01-01 00:37:30,49.686604513634144,30.92649903779689,63.586656591631304,0
2025-01-01 00:37:35,54.77571160250619,35.10664483390571,64.17724454238689,0
2025-01-01 00:37:40,45.071369768322285,30.722259538465703,69.52975196965451,0
2025-01-01 00:37:45,52.52023257758922,37.80504934254118,64.98968007622474,0
2025-01-01 00:37:50,47.348711908137794,31.696528936894634,74.77436445998833,0
2025-01-01 00:37:55,46.03563583868828,24.71771172253255,80.41072308735149,0
2025-01-01 00:38:00,49.46484820022721,32.260024863313596,65.9396273104097,0
2025-01-01 00:38:05,44.82378838790313,31.143475154648332,71.67583150374765,0
2025-01-01 00:38:10,47.23175347326409,33.86925826224824,73.49779577212054,0
2025-01-01 00:38:15,44.010610537055754,32.019544053809874,73.30401589643492,0
2025-01-01 00:38:20,59.82362566458195,29.58463204804868,70.53168687541262,0
2025-01-01 00:38:25,50.17631775985864,26.327105291131904,75.19877692851806,0
2025-01-01 00:38:30,46.501372460037075,29.372930228141925,73.3757426687646,0
2025-01-01 00:38:35,51.06989955367111,27.4484386373721,61.336363043708914,0
2025-01-01 00:38:40,49.43835975154585,28.258429650585832,76.08409245072491,0
2025-01-01 00:38:45,48.89515200233389,31.765735213261827,76.2110358608672,0
2025-01-01 00:38:50,53.07083350021713,35.00971351305422,64.65699727074993,0
2025-01-01 00:38:55,53.787538550236526,31.184014589468944,70.26556484813321,0
2025-01-01 00:39:00,47.34749426194736,26.41235081389445,74.78330294967749,0
2025-01-01 00:39:05,47.1209087967766,31.333808004660423,68.53480326294446,0
2025-01-01 00:39:10,48.62474151424178,33.58989445993696,77.51084633436209,0
2025-01-01 00:39:15,38.49039417632208,28.170651287041853,86.54710746233553,0
2025-01-01 00:39:20,42.42404468900724,29.597948499981246,64.49809777155512,0
2025-01-01 00:39:25,56.83437133722262,30.04406458418759,60.332687777923574,0
2025-01-01 00:39:30,58.22483856750642,27.64530506075328,72.12673016923414,0
2025-01-01 00:39:35,48.75481980221811,31.94484130153158,75.05093753588301,0
2025-01-01 00:39:40,52.88278481527883,29.637155554176655,68.38393538308662,0
2025-01-01 00:39:45,51.55625077271768,31.258597331721084,80.17282464324724,0
2025-01-01 00:39:50,65.3944040422762,27.3375234665937,60.62975940193726,0
2025-01-01 00:39:55,55.59787455717289,28.68762509902977,74.85043036122127,0
2025-01-01 00:40:00,49.36041204259617,32.167144073483314,65.75897425468774,0
2025-01-01 00:40:05,45.22229779699787,28.881500543724698,82.03564534345108,0
2025-01-01 00:40:10,41.96776839871214,35.180891553700214,83.94760747217683,0
2025-01-01 00:40:15,51.017318179336115,28.801091443156192,64.63340388551657,0
2025-01-01 00:40:20,46.21824627357849,30.67405417725566,66.15310004863994,0
2025-01-01 00:40:25,42.888731452011626,32.79777249561927,76.01711520885861,0
2025-01-01 00:40:30,46.76713557878737,25.744902801200904,67.2900854514734,0
2025-01-01 00:40:35,44.592259981928024,24.717573564057673,69.68212147447433,0
2025-01-01 00:40:40,58.43570817536282,25.423031056289716,70.17771894379688,0
2025-01-01 00:40:45,54.408198784747256,33.78775231028155,56.562287906616405,0
2025-01-01 00:40:50,49.960136793416915,28.34442556232266,69.90313577734034,0
2025-01-01 00:40:55,57.39972069445013,37.674597857004755,65.17190558155079,0
2025-01-01 00:41:00,50.386841538238095,28.307257204027835,66.5481402432016,0
2025-01-01 00:41:05,45.693578993358685,30.553653909591112,80.1054240242817,0
2025-01-01 00:41:10,57.61562038634828,34.626329857703624,61.20445174004521,0
2025-01-01 00:41:15,52.694550218423295,36.01827866447737,75.69243630723584,0
2025-01-01 00:41:20,44.81376922836772,36.18451072990919,68.04725948767734,0
2025-01-01 00:41:25,49.04830660958196,33.62509869177943,68.04167882052916,0
2025-01-01 00:41:30,45.62190873307621,33.072187577434384,75.53260327236198,0
2025-01-01 00:41:35,43.08600134517832,31.77758084760355,72.38035906198223,0
2025-01-01 00:41:40,54.630887737658206,32.33508322849991,73.99429098053672,0
2025-01-01 00:41:45,87.74655343915971,28.346442851014398,76.77729262373003,1
2025-01-01 00:41:50,43.00716213090429,27.54540334973308,67.68084131771674,0
2025-01-01 00:41:55,52.81484618345286,29.989876627767146,65.71434285844575,0
2025-01-01 00:42:00,46.746787154390866,29.489446132425215,62.403946314095414,0
2025-01-01 00:42:05,47.56437308117652,28.640315852018176,64.22212629014732,0
2025-01-01 00:42:10,47.03803037880566,32.089162342370145,90.64366097716108,0
2025-01-01 00:42:15,45.68004615160092,32.86591562571153,78.7127570651575,0
2025-01-01 00:42:20,50.24260813972413,30.265220658875542,60.54247943654385,0
2025-01-01 00:42:25,45.845249417944814,34.432590243165784,60.742794302795005,0
2025-01-01 00:42:30,51.35228412889919,26.574932657599483,73.37306243202944,0
2025-01-01 00:42:35,49.748809452754315,29.419021622160844,73.83085358164577,0
2025-01-01 00:42:40,48.80525976566795,27.849533038191584,73.84218684722156,0
2025-01-01 00:42:45,45.46218168979201,24.400390148780822,68.21530944512412,0
2025-01-01 00:42:50,47.116143347158335,29.7519579424719,69.1218201799797,0
2025-01-01 00:42:55,53.77695612912878,29.63475747485015,72.2951566691155,0
2025-01-01 00:43:00,52.504585938121906,34.540349229726395,70.60125104405331,0
2025-01-01 00:43:05,45.11222377600724,31.892435053664332,54.464897390767256,0
2025-01-01 00:43:10,50.49666152714613,26.927439527012385,68.39140258597364,0
2025-01-01 00:43:15,53.75693561685895,35.562277699002564,64.0401549601778,0
2025-01-01 00:43:20,41.652973594393146,33.663101086576056,71.22647993235958,0
2025-01-01 00:43:25,52.71680096189967,31.746293110405848,90.89681301822387,0
2025-01-01 00:43:30,46.686881205270765,29.320547703450504,72.57237165832014,0
2025-01-01 00:43:35,52.852993342965796,27.12168228982956,67.80529219679322,0
2025-01-01 00:43:40,46.18370421728741,28.88337967178684,76.45261051384077,0
2025-01-01 00:43:45,40.9755894966774,33.26624585911256,73.3788152104645,0
2025-01-01 00:43:50,41.862287810584185,35.65375891780383,72.94066143316289,0
2025-01-01 00:43:55,50.24042473330691,34.62973058481657,74.24795415250969,0
2025-01-01 00:44:00,51.29861250860741,28.533451734641176,84.39580495380679,0
2025-01-01 00:44:05,45.47841687447796,26.641147700132965,62.08378095271859,0
2025-01-01 00:44:10,53.19296229388687,30.422658740733613,73.31542453768019,0
2025-01-01 00:44:15,41.6923996886552,24.694681903311444,63.515332090129235,0
2025-01-01 00:44:20,49.669601006763415,30.969503142554345,73.88858852439574,0
2025-01-01 00:44:25,43.94491900118771,29.557192241103994,63.56919441959734,0
2025-01-01 00:44:30,46.7408194609892,28.601890494395274,67.0784323047644,0
2025-01-01 00:44:35,50.23699335658207,25.215890798199613,67.93437060033466,0
2025-01-01 00:44:40,45.69793317358024,31.54080031970915,76.83071703541296,0
2025-01-01 00:44:45,48.077222278850876,28.401897481014267,76.42918110759689,0
2025-01-01 00:44:50,55.0314640460722,26.490249492869136,61.279978364875305,0
2025-01-01 00:44:55,47.115540652384254,21.383213360155054,70.38453877699894,0
2025-01-01 00:45:00,54.17846056032571,29.917455284848092,65.03294101675579,0
2025-01-01 00:45:05,44.35146572671191,35.316754790009234,61.19046562527266,0
2025-01-01 00:45:10,52.64902088957641,34.983777643643606,68.48088064702941,0
2025-01-01 00:45:15,57.207843103289505,28.628711230241183,67.84062048080926,0
2025-01-01 00:45:20,37.641777499363556,28.19336381891466,86.98701540441866,0
2025-01-01 00:45:25,46.015523722647615,31.40632276822507,73.03071877752487,0
2025-01-01 00:45:30,75.51417424142565,27.004843682435126,60.35667749472034,1
2025-01-01 00:45:35,48.984773069785035,30.905375699458396,66.0465819708034,0
2025-01-01 00:45:40,51.85572936685654,32.29824083515407,77.14968306800579,0
2025-01-01 00:45:45,46.9800740664209,33.68079967165292,84.61909941008948,0
2025-01-01 00:45:50,50.4329489373645,29.69953777056014,58.898116814334294,0
2025-01-01 00:45:55,49.221613823039604,29.388978749469103,56.84052930402669,0
2025-01-01 00:46:00,55.838910308299035,27.366052239730315,83.09675622760247,0
2025-01-01 00:46:05,51.272104216506065,27.51935893788042,72.72729924159633,0
2025-01-01 00:46:10,51.68801331037601,29.32056332429542,63.92195087686544,0
2025-01-01 00:46:15,47.94061516938766,31.102096520448534,73.74240360285705,0
2025-01-01 00:46:20,47.56196887963753,32.74075387869975,51.54976582688185,0
2025-01-01 00:46:25,47.8372090609019,27.590463147958964,70.02362854618012,0
2025-01-01 00:46:30,51.97226071189149,34.47806570687857,72.2947482099016,0
2025-01-01 00:46:35,47.895077595898684,29.186629196872293,76.4698909767648,0
2025-01-01 00:46:40,51.448874284482066,29.935898116954693,62.90272833395224,0
2025-01-01 00:46:45,60.37700399322719,27.75836496255653,70.59981012982351,0
2025-01-01 00:46:50,54.35562351715846,22.727279219181177,63.52202761758289,0
2025-01-01 00:46:55,48.369882339160796,32.65213618908315,71.78768628972021,0
2025-01-01 00:47:00,56.00606961081972,32.210531691277296,63.73257574345883,0
2025-01-01 00:47:05,47.95962313489224,29.15601732864536,67.14329412587846,0
2025-01-01 00:47:10,39.80937732411073,30.200972151674616,63.02929223646839,0
2025-01-01 00:47:15,44.95956844541298,31.547817653112297,74.5579536927656,0
2025-01-01 00:47:20,40.646040394870724,25.31236242934037,76.00915781659666,0
2025-01-01 00:47:25,48.24243257979346,28.412841967961114,68.3576560102981,0
2025-01-01 00:47:30,50.09209189594776,32.382794038865484,70.2676659647202,0
2025-01-01 00:47:35,58.382186561376415,26.23713173049225,59.85986009756519,0
2025-01-01 00:47:40,51.63463686882081,30.880673796499888,67.9022634639525,0
2025-01-01 00:47:45,48.90449735595568,25.930254586129784,69.64856768070779,0
2025-01-01 00:47:50,54.14702790591745,31.39928994730058,88.34555163720982,0
2025-01-01 00:47:55,38.944323454960575,29.89307555310755,62.21623081958086,0
2025-01-01 00:48:00,51.17807279054283,25.154604552283473,80.24924067126706,0
2025-01-01 00:48:05,53.85432596943483,33.49421806337151,76.97801141426065,0
2025-01-01 00:48:10,42.60706877110079,27.796225269605852,71.96445483143096,0
2025-01-01 00:48:15,55.71877021603464,27.569242688956855,82.31034338936593,0
2025-01-01 00:48:20,51.69248203747207,30.60170759169283,72.60473830824805,0
2025-01-01 00:48:25,47.923560430495996,33.44591204828615,72.7241143696755,0
2025-01-01 00:48:30,53.163909330531425,26.952534543064807,69.62815542887718,0
2025-01-01 00:48:35,61.35346428902198,30.185039549543916,78.56498217693039,0
2025-01-01 00:48:40,50.90933127529247,31.28644950099172,77.67528463667618,0
2025-01-01 00:48:45,51.24110293150168,32.07931682178943,65.62025898752651,0
2025-01-01 00:48:50,47.70319550229878,30.529324665831677,60.76526963780863,0
2025-01-01 00:48:55,45.75077815267604,28.89891648275003,68.5791355382304,0
2025-01-01 00:49:00,54.15167908272123,27.51722933805384,64.39973004921647,0
2025-01-01 00:49:05,45.719580870455665,30.258431649139123,69.55532797769251,0
2025-01-01 00:49:10,50.35783118609696,26.78358296404318,78.66206694278898,0
2025-01-01 00:49:15,47.61171276617441,21.235948549516177,66.79888841439247,0
2025-01-01 00:49:20,52.39489912873196,31.309679412473002,69.70023633081898,0
2025-01-01 00:49:25,51.668310526434745,32.711804523258586,70.40615914365877,0
2025-01-01 00:49:30,55.1876997212895,22.911202693374484,75.93901617543699,0
2025-01-01 00:49:35,47.44991800572627,26.970807885870187,54.27177466210776,0
2025-01-01 00:49:40,48.65062532353314,31.857462783015592,65.75309793664292,0
2025-01-01 00:49:45,45.106181421088465,36.1724864091351,71.4789858459563,0
2025-01-01 00:49:50,47.778533699619445,30.062381123026224,78.40055269498802,0
2025-01-01 00:49:55,51.88650246522426,27.815991176312597,66.55668286745656,0
2025-01-01 00:50:00,53.78494308322676,29.45131067668548,56.864131057706885,0
2025-01-01 00:50:05,45.389173379111874,34.12462925744455,74.33798012176295,0
2025-01-01 00:50:10,54.3480296005283,28.062107462626393,65.5524632782206,0
2025-01-01 00:50:15,56.778189294024756,27.602423980049238,61.67233338636747,0
2025-01-01 00:50:20,52.067174516118506,28.551769433453902,65.62958227200743,0
2025-01-01 00:50:25,59.38397906279033,27.14001417522386,68.70832249640905,0
2025-01-01 00:50:30,46.13105400448214,30.368010947984388,65.76678734823251,0
2025-01-01 00:50:35,43.776726483442914,34.87403537540868,54.56103760030652,0
2025-01-01 00:50:40,41.10639875547861,30.969237819348088,76.27946337820993,0
2025-01-01 00:50:45,57.480221557445915,29.242939493621137,78.92412528895106,0
2025-01-01 00:50:50,53.27182828177029,29.12456619325337,74.56065393937654,0
2025-01-01 00:50:55,49.72207664544772,25.31042757391003,62.036200307026284,0
2025-01-01 00:51:00,51.3998431315991,32.64932933144148,68.58955926236737,0
2025-01-01 00:51:05,44.37255476350812,29.766488408961592,69.9543507933938,0
2025-01-01 00:51:10,62.228759898084135,29.458560259228122,74.19156072693337,0
2025-01-01 00:51:15,50.64610590987614,39.57932270353459,74.67838342102657,0
2025-01-01 00:51:20,50.546973973024464,30.89625872509706,64.86078340855053,0
2025-01-01 00:51:25,53.62883311949346,27.744626849714447,70.57396889489492,0
2025-01-01 00:51:30,52.40504615868357,28.72092721138337,73.20096283230669,0
2025-01-01 00:51:35,51.119420121395656,33.445337127590264,80.19075625502737,0
2025-01-01 00:51:40,46.04762772277344,30.339811231613293,74.93154577877306,0
2025-01-01 00:51:45,52.35734178567998,25.685166065047902,75.52339681162863,0
2025-01-01 00:51:50,59.41012248237517,32.75768680372561,70.58678639550553,0
2025-01-01 00:51:55,56.72710023077489,27.995567743383017,79.87321401642453,0
2025-01-01 00:52:00,57.965933133196984,35.61989332865264,72.86833957171648,0
2025-01-01 00:52:05,47.443921617844076,33.24014419714395,63.97238462878501,0
2025-01-01 00:52:10,45.0519758987071,28.658034313023748,79.82358979087634,0
2025-01-01 00:52:15,49.37106539950176,33.84304908520534,74.88532290777319,0
2025-01-01 00:52:20,50.27862456144347,30.20356653158221,66.89869185210063,0
2025-01-01 00:52:25,55.47095759235474,32.55832102536666,66.6435492282053,0
2025-01-01 00:52:30,41.5376768514259,31.454198451883425,72.07602881598534,0
2025-01-01 00:52:35,57.64775159730307,27.46093003502738,73.24229356687309,0
2025-01-01 00:52:40,49.20996050710505,28.069350503047612,71.38104585941845,0
2025-01-01 00:52:45,47.8655946502629,33.08988245274348,72.17916071410019,0
2025-01-01 00:52:50,44.93947812369916,28.995674003680378,81.89970162203467,0
2025-01-01 00:52:55,41.72571664067115,28.78905461027401,77.5008020656442,0
2025-01-01 00:53:00,54.11585291980957,27.134632261951943,71.33444913885518,0
2025-01-01 00:53:05,50.36658983594202,31.270797196780382,76.58917406537239,0
2025-01-01 00:53:10,43.55019550129473,36.187574757729436,62.772332675307226,0
2025-01-01 00:53:15,43.52460613968192,26.797401257237183,72.78548934962767,0
2025-01-01 00:53:20,48.32107650354936,30.072658370018274,82.66514444813177,0
2025-01-01 00:53:25,58.34510762644696,34.23666166624629,68.47367873225339,0
2025-01-01 00:53:30,48.702043243181976,29.761075826262854,64.0665624996664,0
2025-01-01 00:53:35,42.48428523440947,31.3571153887492,65.43537777984858,0
2025-01-01 00:53:40,48.77128467957028,26.81281941555936,62.37256873860328,0
2025-01-01 00:53:45,48.63638215126165,31.284921291622947,64.50666664310607,0
2025-01-01 00:53:50,36.515566785292144,29.438567204986352,67.4064433098698,0
2025-01-01 00:53:55,49.72852566741094,32.95718998703959,60.16103086574951,0
2025-01-01 00:54:00,48.84532734895661,33.56215815469425,70.10932833764723,0
2025-01-01 00:54:05,53.48103182406709,37.76869092605584,76.31594021650653,0
2025-01-01 00:54:10,59.244780474726724,31.738899519640725,63.645706738971555,0
2025-01-01 00:54:15,55.632825147738785,30.977388949746498,80.63498746549239,0
2025-01-01 00:54:20,48.65555654722585,30.583152904732007,73.57554461969316,0
2025-01-01 00:54:25,44.46737045629165,28.940501121567934,77.2140640993684,0
2025-01-01 00:54:30,62.8667990162493,31.01545153038507,65.39515812303505,0
2025-01-01 00:54:35,50.29609217007244,29.11379576958291,75.9816765894663,0
2025-01-01 00:54:40,50.06964645956473,30.505382928808842,62.35646269723281,0
2025-01-01 00:54:45,49.87937456444998,33.95279260682388,76.23173250585556,0
2025-01-01 00:54:50,50.99042380383928,26.980372304161076,71.20287537855472,0
2025-01-01 00:54:55,49.27819794038029,33.419635683387135,73.87275853989348,0
2025-01-01 00:55:00,47.13168996559882,33.951345202019596,61.77083776062604,0
2025-01-01 00:55:05,47.26570529379804,29.645794419026764,63.73451110406377,0
2025-01-01 00:55:10,49.83623364892001,23.634435302974218,74.1805975277737,0
2025-01-01 00:55:15,47.282876144331176,28.176534038716703,63.361563970430595,0
2025-01-01 00:55:20,46.43577108661418,33.89098363968333,73.24244404469385,0
2025-01-01 00:55:25,50.53215113845948,29.931395813103354,60.43003535477828,0
2025-01-01 00:55:30,48.72511391289572,27.002093303115267,75.93721948866667,0
2025-01-01 00:55:35,57.51996494291345,28.48567523631535,61.37233679662044,0
2025-01-01 00:55:40,36.74515095803494,32.52186007951366,73.86609956375666,0
2025-01-01 00:55:45,55.45753425961231,31.640200704604137,74.37941653552201,0
2025-01-01 00:55:50,56.23042596248815,29.283203702490916,65.12259727099297,0
2025-01-01 00:55:55,39.63304883795925,28.899526764555937,74.07418596959309,0
2025-01-01 00:56:00,48.28656202959826,28.824725552868536,71.8230958433349,0
2025-01-01 00:56:05,48.142795670021044,27.23276944650449,66.22810700665083,0
2025-01-01 00:56:10,42.96244152641089,34.84612706840832,62.94011721146654,0
2025-01-01 00:56:15,46.110916562045624,29.03303859236598,56.26162015829195,0
2025-01-01 00:56:20,44.44712077267086,33.65147556247649,72.44755033109786,0
2025-01-01 00:56:25,58.761352217118116,34.563948155767356,59.04638060046561,0
2025-01-01 00:56:30,54.678391965737305,32.99493269444388,70.66740939608916,0
2025-01-01 00:56:35,56.35777547497079,28.705139061845856,68.15586248742426,0
2025-01-01 00:56:40,53.60836032021618,31.21119027100983,74.75399942806737,0
2025-01-01 00:56:45,44.354741143913856,29.92741318082725,67.88568150357095,0
2025-01-01 00:56:50,47.37739866860113,27.288894417809615,67.69386549557036,0
2025-01-01 00:56:55,52.44687280613959,30.97307784516481,75.12309493001807,0
2025-01-01 00:57:00,43.88936095554027,26.462880626520594,72.34540620358882,0
2025-01-01 00:57:05,53.56499215086194,33.56303816538469,72.21309170027945,0
2025-01-01 00:57:10,48.79837300920933,28.606148108104822,73.28487312865968,0
2025-01-01 00:57:15,48.12589596225201,30.603478967618518,59.25099513755026,0
2025-01-01 00:57:20,53.554799841017456,30.849863614638426,75.29752075990888,0
2025-01-01 00:57:25,52.2213165574302,29.22328507888777,74.28728155809522,0
2025-01-01 00:57:30,48.1951691709046,31.760081404425826,62.88321809996452,0
2025-01-01 00:57:35,55.79664901682124,28.575289030132428,68.2914366842806,0
2025-01-01 00:57:40,44.59468336200051,6.252187531080228,69.72484898660659,1
2025-01-01 00:57:45,53.07967803472132,25.962060959259755,69.05852250918787,0
2025-01-01 00:57:50,52.96550628984192,30.379138738639234,72.33701976597975,0
2025-01-01 00:57:55,48.45226780343005,35.81678699717485,80.01956747281828,0
2025-01-01 00:58:00,51.63066511121059,26.999006026183274,77.5723670937098,0
2025-01-01 00:58:05,43.74443211807348,27.966765088425447,60.81446564598016,0
2025-01-01 00:58:10,54.6201350960345,31.541723548976744,74.35448993214234,0
2025-01-01 00:58:15,49.075489317785056,30.538745345818793,79.30253323674786,0
2025-01-01 00:58:20,47.3863848974048,31.051890297820677,72.70765964482442,0
2025-01-01 00:58:25,55.245046129184445,31.46756139044299,77.63686297630177,0
2025-01-01 00:58:30,46.4782815472862,31.90416440568531,84.08589311990536,0
2025-01-01 00:58:35,42.957693518182204,33.32909952586867,77.16596682274887,0
2025-01-01 00:58:40,42.21685413238048,31.229455970785537,71.7451601694921,0
2025-01-01 00:58:45,53.0300497567282,29.276227036144373,77.31561931859328,0
2025-01-01 00:58:50,43.597853237518585,32.017721103608196,71.01421483167823,0
2025-01-01 00:58:55,58.77397090992182,35.699645804685645,92.64991290424796,1
2025-01-01 00:59:00,39.59035296058139,29.60209876085228,67.54010035000387,0
2025-01-01 00:59:05,58.48228184145019,27.076412085988075,80.94389351182475,0
2025-01-01 00:59:10,51.055087336013095,33.32124200786092,64.27099933840599,0
2025-01-01 00:59:15,49.51643444064804,29.638856508139206,80.72657407274681,0
2025-01-01 00:59:20,47.27540456595525,23.481991361957892,73.4990488661826,0
2025-01-01 00:59:25,51.99568057176035,32.542265031451265,60.20485677638641,0
2025-01-01 00:59:30,49.811826487875756,28.394015442138233,72.57354505093996,0
2025-01-01 00:59:35,55.516509410082605,29.728400153087517,55.29981444643863,0
2025-01-01 00:59:40,50.5711382433102,30.995940991707045,74.37855611781725,0
2025-01-01 00:59:45,50.751508807309385,30.571499039337198,76.19662038092294,0
2025-01-01 00:59:50,48.18193893893072,32.12835545141712,65.85350831043563,0
2025-01-01 00:59:55,49.71527188139466,28.69354088829047,70.86483387168907,0
2025-01-01 01:00:00,51.5390088444603,31.539317394528247,83.679102036252,0
2025-01-01 01:00:05,41.449158036716874,29.221359967248247,66.45977307016645,0
2025-01-01 01:00:10,43.25907288947143,32.21643144266251,62.58764689060379,0
2025-01-01 01:00:15,53.71632047011357,31.846102452039162,80.3716438172382,0
2025-01-01 01:00:20,50.85432719063971,27.193683893866215,83.73811033371557,0
2025-01-01 01:00:25,49.0800833182366,33.257946348525095,70.02586970293493,0
2025-01-01 01:00:30,50.09216966532696,28.392109664657855,77.0802412478585,0
2025-01-01 01:00:35,51.737908526808354,32.424173394843436,79.39033140871616,0
2025-01-01 01:00:40,47.30120159845319,31.10186194020402,64.80261037223131,0
2025-01-01 01:00:45,46.108476372988434,35.51455103038537,66.60285915242493,0
2025-01-01 01:00:50,50.97922627548841,29.329602052884443,78.61612159208315,0
2025-01-01 01:00:55,45.10813611192484,28.952049611645407,81.79509995095957,0
2025-01-01 01:01:00,52.04126377857236,29.941741182336802,73.94016602122048,0
2025-01-01 01:01:05,41.4870819788108,29.090460651497175,63.84129952548562,0
2025-01-01 01:01:10,55.14577818662822,32.39982570582615,83.90942778189608,0
2025-01-01 01:01:15,52.362987412065216,25.151068174690238,66.28320371531625,0
2025-01-01 01:01:20,51.28014867156938,26.838952742560938,67.65403553179983,0
2025-01-01 01:01:25,54.91345491972757,26.79659123526242,72.39636484142736,0
2025-01-01 01:01:30,58.32737222231288,10.293135366035422,80.87912294500342,1
2025-01-01 01:01:35,55.07185032509065,35.131840117745774,75.97783183586557,0
2025-01-01 01:01:40,40.795628843341774,29.686652344387586,72.90405850253337,0
2025-01-01 01:01:45,43.60211516632149,29.49353483042997,73.24301971082674,0
2025-01-01 01:01:50,46.875907111521606,30.210156489339543,70.30460268050426,0
2025-01-01 01:01:55,50.130455251054165,33.48563490782457,73.90697660162954,0
2025-01-01 01:02:00,52.58829510234561,27.217940597428278,82.30543512534818,1
2025-01-01 01:02:05,46.37128093423267,30.715106948204355,67.92374778651141,0
2025-01-01 01:02:10,50.93383382238539,32.925592889347286,71.68925354441747,0
2025-01-01 01:02:15,46.22308533823339,31.503282509819535,61.94290141466345,0
2025-01-01 01:02:20,46.94241098504026,30.56874484979623,72.70426322468091,0
2025-01-01 01:02:25,42.96669451575889,33.003138277701424,68.56870145309715,0
2025-01-01 01:02:30,45.38383376944548,21.89030312100229,82.28832988820844,0
2025-01-01 01:02:35,43.241576971918334,32.03362595859272,81.011138076504,0
2025-01-01 01:02:40,45.12063373511334,28.03777295061773,66.73936101617286,0
2025-01-01 01:02:45,55.2682089830392,24.50810130943063,68.94413601903314,0
2025-01-01 01:02:50,45.25300555584028,31.53360779857494,69.48236704074125,0
2025-01-01 01:02:55,63.161910324186955,34.120975635488875,66.83838366688263,0
2025-01-01 01:03:00,52.466589504404446,29.587654456116926,71.36517488819689,0
2025-01-01 01:03:05,50.92418061847437,32.858623641608816,64.69202551778687,0
2025-01-01 01:03:10,45.70821109909393,34.83683477396593,62.08569265543731,0
2025-01-01 01:03:15,53.501549397044954,33.94474336075214,74.35897856730188,0
2025-01-01 01:03:20,47.12181086881113,34.91989358811418,74.40670708955267,0
2025-01-01 01:03:25,50.610049073226804,32.22638247321568,64.36978968238006,0
2025-01-01 01:03:30,62.800422691343975,30.22630091670478,76.2674880153382,0
2025-01-01 01:03:35,49.519700501376754,25.194102564308494,65.57895589584268,0
2025-01-01 01:03:40,81.20533571998553,29.261812535610154,71.77215666626587,1
2025-01-01 01:03:45,46.48411787437056,27.470260214051425,75.74240808828719,0
2025-01-01 01:03:50,49.82505754751519,36.51282815249344,69.76471204707401,0
2025-01-01 01:03:55,58.85400317817755,29.47234256270299,73.18318638498793,0
2025-01-01 01:04:00,46.86516471106116,30.369614420353457,66.38499249278699,0
2025-01-01 01:04:05,59.062242789984644,31.654456128121403,68.62473391600332,0
2025-01-01 01:04:10,53.538759677277376,30.13080733911736,68.55898398383762,0
2025-01-01 01:04:15,47.18766612052866,12.276526092552409,64.77395157421833,1
2025-01-01 01:04:20,53.1620386952776,28.132051914796644,68.76258085818952,0
2025-01-01 01:04:25,54.86277224813365,30.58382236571173,59.15967190795377,0
2025-01-01 01:04:30,53.10904981108598,27.772588242905854,66.56192377000527,0
2025-01-01 01:04:35,42.14887640054772,26.03993246633788,68.00587154641231,0
2025-01-01 01:04:40,46.364314120875655,28.164692727284145,68.20674173253234,0
2025-01-01 01:04:45,48.762406822242475,29.888889608854765,68.30951787890454,0
2025-01-01 01:04:50,49.62783285449977,28.71209332644822,69.56765060097909,0
2025-01-01 01:04:55,53.10336048775339,27.92273706037843,73.35609062660245,0
2025-01-01 01:05:00,50.88850500466627,25.781047608984498,76.12161951892766,0
2025-01-01 01:05:05,43.323278206449494,29.750683282113915,65.45164341206213,0
2025-01-01 01:05:10,51.90098925502981,25.485838877906993,61.57759401227599,0
2025-01-01 01:05:15,53.05292872641912,32.28016789106881,62.70568911429828,0
2025-01-01 01:05:20,52.7989522396552,30.24731925880351,66.58957955163551,0
2025-01-01 01:05:25,55.40390362777311,25.62734550160521,67.53655077528444,0
2025-01-01 01:05:30,54.16961077274452,29.07237276885041,64.61002753661779,0
2025-01-01 01:05:35,52.29590039614219,27.743530783228252,60.927183350250736,0
2025-01-01 01:05:40,49.649171442706766,30.957523531257543,66.80715420768068,0
2025-01-01 01:05:45,41.69519533242004,34.02135133806944,71.2699863407978,0
2025-01-01 01:05:50,52.14809109566293,24.374482591062765,74.16520626084895,0
2025-01-01 01:05:55,51.03843843581556,30.34507823744225,66.09803862824175,0
2025-01-01 01:06:00,51.35789418597687,29.51960161330008,98.34420752298752,1
2025-01-01 01:06:05,43.61625712089845,32.014020229351395,63.51311183806882,0
2025-01-01 01:06:10,44.59471729795869,30.639589884713068,69.77992580737657,0
2025-01-01 01:06:15,55.26576426666452,27.744092004783543,64.0609995606643,0
2025-01-01 01:06:20,49.802224230716725,29.042838193000147,74.0118946926884,0
2025-01-01 01:06:25,53.40750348686312,27.611922429589534,57.49893455646122,0
2025-01-01 01:06:30,50.14159188065231,33.228021415795794,67.48259229283276,0
2025-01-01 01:06:35,50.14878069747873,30.063934946015827,72.1077513743422,0
2025-01-01 01:06:40,54.69141902987999,35.703572057259024,71.28684161425753,0
2025-01-01 01:06:45,47.41977635891313,29.81801755855614,88.85123564786348,0
2025-01-01 01:06:50,50.48060388470492,27.87477969926861,72.44860017197536,0
2025-01-01 01:06:55,47.68862355647479,25.45885682216152,62.97161782210593,0
2025-01-01 01:07:00,47.827518862838424,24.590580971232164,69.33175027037649,0
2025-01-01 01:07:05,48.454139382656805,25.24759217098353,57.566275665734835,0
2025-01-01 01:07:10,51.110668858168566,30.80137995303445,69.43580175492268,0
2025-01-01 01:07:15,47.60625689168261,31.526175069689803,64.16860760099469,0
2025-01-01 01:07:20,56.278780627867604,25.2564278939036,76.40773192892114,0
2025-01-01 01:07:25,45.52696348890248,32.685114942228346,66.15321807783126,0
2025-01-01 01:07:30,49.06564177919321,28.550816844949683,69.18263858943327,0
2025-01-01 01:07:35,47.801344708629124,30.44037903595665,65.55109511016917,0
2025-01-01 01:07:40,57.23488942176866,34.83666188476627,82.17195946297332,0
2025-01-01 01:07:45,50.98277388255787,32.6905179475966,67.75130063717462,0
2025-01-01 01:07:50,55.159222697343175,29.1944080562825,82.82789930435442,0
2025-01-01 01:07:55,42.57219813481514,27.32642332375414,75.69906233482787,0
2025-01-01 01:08:00,51.33525132934629,23.544553796012085,73.3744670913477,0
2025-01-01 01:08:05,54.44815397811718,27.842540042272738,72.58113203122264,0
2025-01-01 01:08:10,50.41141994637712,29.366609283516915,72.75658108751377,0
2025-01-01 01:08:15,55.32740187532676,27.038461418546447,56.50629194458073,0
2025-01-01 01:08:20,47.41355774949814,29.606229098723087,68.0478162409447,0
2025-01-01 01:08:25,57.0467372009279,30.230555648876305,75.91610579829025,0
2025-01-01 01:08:30,61.49449061809625,29.325432054575764,69.65771971568127,0
2025-01-01 01:08:35,48.18580719780171,28.04999225752962,60.163671072374974,0
2025-01-01 01:08:40,47.77248739299614,30.505964015900183,69.63316884595771,0
2025-01-01 01:08:45,57.2669223855885,31.325821948708228,81.92873861378844,0
2025-01-01 01:08:50,57.89786072865356,26.72880276767146,78.72824200874304,0
2025-01-01 01:08:55,47.38569986423366,34.23279713923881,69.56597193443778,0
2025-01-01 01:09:00,47.89906591452071,29.704235603147215,76.6601449394066,0
2025-01-01 01:09:05,48.59107695569747,30.056548868834543,67.43445085742364,0
2025-01-01 01:09:10,43.27774744482861,32.12464326976967,58.07289889221297,0
2025-01-01 01:09:15,45.40674026757901,30.699648393790504,63.52873808309312,0
2025-01-01 01:09:20,44.97929616623966,32.85940990173974,80.94022137955739,0
2025-01-01 01:09:25,46.16101217447936,30.861372495605472,68.08204842719488,0
2025-01-01 01:09:30,49.82657556306609,28.162687876078685,68.29631214437488,0
2025-01-01 01:09:35,51.1710736626826,31.084510575618303,67.90113262607584,0
2025-01-01 01:09:40,57.75250246407038,26.568821378038017,83.32895612701105,0
2025-01-01 01:09:45,45.00822979630605,30.32567911732957,81.38171240753445,0
2025-01-01 01:09:50,54.92161199238292,29.900310028066617,85.53146163413693,0
2025-01-01 01:09:55,48.93005577887246,29.37564942818238,68.88668352719964,0
2025-01-01 01:10:00,49.752681451737836,29.61438746568321,72.06937142122966,0
2025-01-01 01:10:05,53.37409746083302,24.354452863507085,59.38350215405446,0
2025-01-01 01:10:10,44.386389892188504,28.353825276777116,80.33854098282792,0
2025-01-01 01:10:15,51.912048730920255,30.278534703423343,61.825543141124456,0
2025-01-01 01:10:20,50.83226104106528,30.4795691759922,71.5174289463384,0
2025-01-01 01:10:25,52.462256320040744,26.916974577222128,62.31888230657009,0
2025-01-01 01:10:30,51.44584321953909,33.797123522594106,65.87793221282912,0
2025-01-01 01:10:35,62.276500699554475,27.401475455356497,64.1391629826521,0
2025-01-01 01:10:40,46.81130007874342,32.908371601580214,65.74487317526928,0
2025-01-01 01:10:45,47.34501522499091,31.281583085615054,66.22614107795715,0
2025-01-01 01:10:50,46.88429736787618,28.06131807046859,66.16211843552446,0
2025-01-01 01:10:55,47.22261440419873,35.32593267782853,75.83333738246215,0
2025-01-01 01:11:00,46.81306436346741,26.41908950473056,62.26596044856236,0
2025-01-01 01:11:05,55.94508265553776,32.75746252083,71.54378998909706,0
2025-01-01 01:11:10,57.102521239949276,33.00174695412893,78.5257140661389,0
2025-01-01 01:11:15,47.146268531252616,27.988139372770064,66.40762544840622,0
2025-01-01 01:11:20,45.838222134478855,34.177395900192984,64.97456776476679,0
2025-01-01 01:11:25,52.35707778193202,29.24986045620314,68.38632762373824,0
2025-01-01 01:11:30,47.23888477859514,30.866080887839573,78.25807645852497,0
2025-01-01 01:11:35,53.164659088777555,30.780965516313664,71.35875341667351,0
2025-01-01 01:11:40,51.0146151042565,29.597073775588356,66.28149993774682,0
2025-01-01 01:11:45,42.42127942501384,32.432424819479344,73.38713655831627,0
2025-01-01 01:11:50,57.737526006650306,32.38046616165664,62.283954951145034,0
2025-01-01 01:11:55,58.97938836547761,24.754404080285457,74.76951657310063,0
2025-01-01 01:12:00,46.93605654757807,33.91302072863446,72.86025115391237,0
2025-01-01 01:12:05,48.06149220032008,25.012524035892977,67.84534070202781,0
2025-01-01 01:12:10,51.429326953624525,33.09763861302497,64.12989941086938,0
2025-01-01 01:12:15,51.67228394993513,33.38011541048275,63.7932335440158,0
2025-01-01 01:12:20,53.29272136336415,26.727100709354406,73.74372135442137,0
2025-01-01 01:12:25,60.05102269383175,28.767557136136247,78.60286351742343,0
2025-01-01 01:12:30,49.11526386252975,26.682885994542193,65.53884577079843,0
2025-01-01 01:12:35,46.00851377730773,29.355236909133794,73.2087069248604,0
2025-01-01 01:12:40,43.10340385992736,29.075897147442777,78.10203458861174,1
2025-01-01 01:12:45,46.34534980029041,32.33898159680802,65.9076758853996,0
2025-01-01 01:12:50,49.83436513563102,33.93092623835882,69.78258746990369,0
2025-01-01 01:12:55,58.97278931758894,34.18705143236987,63.63221608112716,0
2025-01-01 01:13:00,47.41194350481914,28.313495920265094,63.44445537647283,0
2025-01-01 01:13:05,51.11893975819449,29.372334378766418,65.3255431047178,0
2025-01-01 01:13:10,49.917885519636236,24.94968542333715,72.04534909828462,0
2025-01-01 01:13:15,55.94196636724042,27.582389800511432,68.68869687115537,0
2025-01-01 01:13:20,62.63466212936811,32.89455489929237,54.332381366725194,0
2025-01-01 01:13:25,47.3456561353984,34.8467484706447,55.155098931554534,0
2025-01-01 01:13:30,47.552802787408886,26.296953384360233,65.75194375499977,0
2025-01-01 01:13:35,55.22080438534536,28.222607222541317,73.20380610237487,0
2025-01-01 01:13:40,53.409457448131555,29.920782729123218,50.76746610092336,0
2025-01-01 01:13:45,59.23353662868017,30.84048347645882,66.50188876693859,0
2025-01-01 01:13:50,52.91964092662982,27.571189440235063,66.31626500437805,0
2025-01-01 01:13:55,48.203539546064704,31.272183133392268,79.71836444745914,0
2025-01-01 01:14:00,52.95327415346155,28.57848195878725,67.30484731800995,0
2025-01-01 01:14:05,55.54351790291454,29.956643187365163,72.6809228931865,0
2025-01-01 01:14:10,54.10241090598682,31.6388527440111,97.55548244307333,1
2025-01-01 01:14:15,52.53637015553649,30.019266809432814,55.0860346413496,0
2025-01-01 01:14:20,55.33337344794577,28.690842328420295,75.37745051642216,0
2025-01-01 01:14:25,55.84647795222836,29.67117058822251,71.50777553819401,0
2025-01-01 01:14:30,56.91079495518763,29.734911122383995,73.55788047772212,0
2025-01-01 01:14:35,53.24354943794821,28.889966910353618,97.48366394505429,0
2025-01-01 01:14:40,49.16440959841573,29.223611811998694,55.41120942350988,0
2025-01-01 01:14:45,50.733568432166614,34.79594151151415,105.31789286813458,1
2025-01-01 01:14:50,56.03254483254179,31.682758343823718,67.98786736419751,0
2025-01-01 01:14:55,45.91532164506382,29.11355904591252,72.01130233082107,0
2025-01-01 01:15:00,51.84336654436451,32.09086321353221,69.68141428289131,0
2025-01-01 01:15:05,48.0333059383632,28.99854153073197,67.03034566621369,0
2025-01-01 01:15:10,50.143724114674086,33.519373912759924,66.01116950232868,0
2025-01-01 01:15:15,56.39225931303649,31.108926576594282,72.30656114901106,0
2025-01-01 01:15:20,50.95549534009952,29.678093567987315,59.37978412329825,0
2025-01-01 01:15:25,50.23218274078074,31.343150777430832,75.25405417265236,0
2025-01-01 01:15:30,43.200719295100406,25.287371543794503,67.08663916580322,0
2025-01-01 01:15:35,53.731267830136105,26.619697593270583,62.089514626717495,0
2025-01-01 01:15:40,53.22742090570538,26.418224980802833,66.8499099940293,0
2025-01-01 01:15:45,60.8162736165273,30.42882928429112,78.800044518038,0
2025-01-01 01:15:50,48.461108825234994,35.19754499845528,66.25265439088643,0
2025-01-01 01:15:55,51.0957516383197,36.6939004385779,72.50917532746735,0
2025-01-01 01:16:00,51.246918418553776,31.914153304322273,64.88330606999169,0
2025-01-01 01:16:05,57.887266398817374,31.50253342483337,75.30545294946533,0
2025-01-01 01:16:10,49.52352233806524,24.596826797541784,74.79855417153144,0
2025-01-01 01:16:15,51.3951076288517,28.371978600797934,82.94026183307489,0
2025-01-01 01:16:20,53.0394825485827,27.636648744275284,68.7710523815055,0
2025-01-01 01:16:25,50.93304561578179,28.13745720524665,74.68058363330535,0
2025-01-01 01:16:30,47.76783192724736,29.495568544245632,70.68647277677262,0
2025-01-01 01:16:35,50.970449964491536,28.58372826690862,79.0711024730411,0
2025-01-01 01:16:40,55.36815874929886,24.062100568872637,64.96817328673889,0
2025-01-01 01:16:45,44.867423502944696,32.2437307683526,75.21503719014096,0
2025-01-01 01:16:50,50.66484837073438,26.78177092278058,68.63711892718322,0
2025-01-01 01:16:55,46.499395925304135,30.71774059233345,69.55068276024052,0
2025-01-01 01:17:00,55.97523314462421,18.895903509570175,70.64226739113862,1
2025-01-01 01:17:05,42.384065476081126,27.241846225240728,71.76568277498674,0
2025-01-01 01:17:10,47.20539076364206,22.40913743176101,69.1863966981463,0
2025-01-01 01:17:15,51.8860593753226,29.14198733435967,71.50299228219369,0
2025-01-01 01:17:20,57.827620146171704,33.302878904995715,81.0468264029353,0
2025-01-01 01:17:25,49.67124869463506,35.87504236266178,76.89814779930653,0
2025-01-01 01:17:30,47.22400236653401,26.31135121664275,76.08408214747827,0
2025-01-01 01:17:35,59.40578534720295,31.490097669709566,66.81122331783291,0
2025-01-01 01:17:40,42.75993049791878,28.60406862965984,63.77531420240173,0
2025-01-01 01:17:45,39.00597021689959,29.682154937087592,76.68710390766427,0
2025-01-01 01:17:50,52.200072250266665,37.933030041051104,76.13232754770856,0
2025-01-01 01:17:55,47.489728878236946,25.49108901481454,80.30869473025687,0
2025-01-01 01:18:00,44.89383591434643,30.76121898448372,65.77213561821539,0
2025-01-01 01:18:05,53.541782236496765,31.403079515296298,68.39315941247757,0
2025-01-01 01:18:10,51.219003568855996,33.25735897481804,58.52361086232196,0
2025-01-01 01:18:15,47.17960684631636,30.293949460412687,67.25270225757389,0
2025-01-01 01:18:20,43.59847800664553,30.924151618512308,76.97599357405613,0
2025-01-01 01:18:25,54.36228664140072,28.825054297734628,66.73453234540261,0
2025-01-01 01:18:30,53.251005889793305,30.807380823735322,74.48335856640577,0
2025-01-01 01:18:35,49.50412068110309,28.97042317350777,68.66647825801532,0
2025-01-01 01:18:40,59.23318498023833,31.864715669568152,72.26839919755092,0
2025-01-01 01:18:45,44.64957616836924,28.891168991869097,61.96616027129033,0
2025-01-01 01:18:50,42.372374145376305,31.131301181706558,70.59646614743731,0
2025-01-01 01:18:55,46.540459650593775,29.912211558945064,49.062048203694935,0
2025-01-01 01:19:00,49.77206991822251,33.37815075231651,68.6917268928661,0
2025-01-01 01:19:05,51.21669724661346,29.845818829234542,58.58668729399402,0
2025-01-01 01:19:10,48.79381971071835,24.680902595379358,78.44196161582771,0
2025-01-01 01:19:15,51.76027698257148,33.78576450214197,75.44185146935158,0
2025-01-01 01:19:20,43.74230287904778,27.282803097412142,73.26669687376257,0
2025-01-01 01:19:25,57.2188230203663,28.03870098405354,80.64704359011566,0
2025-01-01 01:19:30,49.58924410803716,28.213016117869522,63.35758435422614,0
2025-01-01 01:19:35,55.58647915794064,34.12331427951245,82.23154238540891,0
2025-01-01 01:19:40,51.71362673188852,23.592977358063912,76.52534094982269,0
2025-01-01 01:19:45,52.28376609576892,39.41324560097998,68.34411298946738,0
2025-01-01 01:19:50,52.84883640116102,33.168170427198156,77.9493410302806,0
2025-01-01 01:19:55,52.23854280008658,30.66971674238748,62.25594541311856,0
2025-01-01 01:20:00,53.21361379933772,29.83531799815114,64.22840086930628,0
2025-01-01 01:20:05,56.64576265066216,30.856662224572972,65.73987193732209,0
2025-01-01 01:20:10,50.98260584850735,31.563367285138014,66.2971560435519,0
2025-01-01 01:20:15,53.54501878794256,31.935646757850172,62.60409650067823,0
2025-01-01 01:20:20,49.55132152856387,31.666813398010344,78.56158146966727,0
2025-01-01 01:20:25,57.200586077247365,30.268742043765748,68.18801919741118,0
2025-01-01 01:20:30,46.61803848970365,29.40798473907802,72.46753477849816,0
2025-01-01 01:20:35,59.004702164554075,9.731700400921515,66.00754043510423,1
2025-01-01 01:20:40,49.79921024677828,29.415275158941956,57.255776896160384,0
2025-01-01 01:20:45,42.84612448940976,33.401310290601195,71.89040150873996,0
2025-01-01 01:20:50,50.64052207455395,31.780670166842587,56.61421517206156,0
2025-01-01 01:20:55,46.5947417126256,21.178834096007158,69.51956167740173,0
2025-01-01 01:21:00,54.20321774494362,31.967702329589283,60.421794728170326,0
2025-01-01 01:21:05,46.73688010348805,30.584208584156325,83.91093199461565,0
2025-01-01 01:21:10,47.7690828339261,29.943873730662308,76.37953905522305,0
2025-01-01 01:21:15,40.552296345272346,28.83444464073334,70.74027653890036,0
2025-01-01 01:21:20,47.73846840375462,33.37233815995804,78.84594674358269,0
2025-01-01 01:21:25,37.88060336685522,32.84257938636857,64.07578815773985,0
2025-01-01 01:21:30,42.08048588257138,27.68136699652917,73.80435565069065,0
2025-01-01 01:21:35,53.80207328072149,31.221156861373604,71.398673036031,0
2025-01-01 01:21:40,53.92900079325416,27.08502979637614,71.84814056933568,0
2025-01-01 01:21:45,52.12728780892483,25.86114550563321,78.90647450074738,0
2025-01-01 01:21:50,45.165119284353935,28.119848326230105,75.12744471945862,0
2025-01-01 01:21:55,49.7614432192901,32.587180417148275,94.02420317141947,1
2025-01-01 01:22:00,49.98198730454716,32.85937513612826,58.41578794640193,0
2025-01-01 01:22:05,44.20817655403729,31.53925626029188,63.279675933043755,0
2025-01-01 01:22:10,57.51699150883575,32.17528736054399,69.14103746482994,0
2025-01-01 01:22:15,54.386811452878355,31.548534861344876,70.65360661993655,0
2025-01-01 01:22:20,48.89517913085168,28.075555214331143,62.08857392728253,0
2025-01-01 01:22:25,50.134429194972654,31.29576763402182,86.88173672904895,0
2025-01-01 01:22:30,90.0894886323308,32.40122857568305,80.61475838677501,1
2025-01-01 01:22:35,39.791325657878545,32.26287398944072,74.21482824274739,0
2025-01-01 01:22:40,48.764113087397014,33.56674011442393,70.50425802898621,0
2025-01-01 01:22:45,46.59007876001101,32.12491154160319,68.51453721069194,0
2025-01-01 01:22:50,44.99189995052542,9.31608767392784,63.33657077984435,1
2025-01-01 01:22:55,48.594498535570224,33.21045071494928,70.54236362963204,0
2025-01-01 01:23:00,58.988432634247616,29.92043622225282,71.80426778099925,0
2025-01-01 01:23:05,53.20421430633505,27.354376046316847,61.307675971628626,0
2025-01-01 01:23:10,47.144105051086015,29.510799108168708,72.33923492071428,0
2025-01-01 01:23:15,52.86291390678079,27.765292065580653,68.91318665822676,0
